Workbook

Sheet Raw Responses
A1: Timestamp | B1: Role on Campus | C1: Cafeteria Frequency | D1: Avg Peak Wait Time | E1: Skipped Meal / Late to Class? | F1: Primary Frustration | G1: App Likelihood Score (1-5) | H1: Preferred Payment Method
A2: 2026-06-21 00:22:00 | B2: Student | C2: Daily | D2: 11-20 mins | E2: Yes | F2: Long queues | G2: 5 | H2: Digital Wallet / QR
A3: 2026-06-20 21:02:00 | B3: Student | C3: Daily | D3: Less than 5 mins | E3: No | F3: Long queues | G3: 2 | H3: Digital Wallet / QR
A4: 2026-06-23 13:47:00 | B4: Student | C4: Daily | D4: 11-20 mins | E4: Yes | F4: Long queues | G4: 5 | H4: Digital Wallet / QR
A5: 2026-06-20 10:03:00 | B5: Student | C5: 2-3 times a week | D5: 5-10 mins | E5: No | F5: Long queues | G5: 3 | H5: Digital Wallet / QR
A6: 2026-06-22 07:07:00 | B6: Student | C6: Daily | D6: 11-20 mins | E6: Yes | F6: Long queues | G6: 4 | H6: Digital Wallet / QR
A7: 2026-06-22 23:53:00 | B7: Student | C7: Daily | D7: More than 20 mins | E7: Yes | F7: Long queues | G7: 5 | H7: Digital Wallet / QR
A8: 2026-06-22 10:32:00 | B8: Student | C8: Daily | D8: More than 20 mins | E8: Yes | F8: Long queues | G8: 4 | H8: Digital Wallet / QR
A9: 2026-06-21 16:57:00 | B9: Student | C9: 2-3 times a week | D9: 11-20 mins | E9: Yes | F9: Long queues | G9: 5 | H9: Credit/Debit Card
A10: 2026-06-21 21:37:00 | B10: Student | C10: 2-3 times a week | D10: 11-20 mins | E10: Yes | F10: Long queues | G10: 4 | H10: Digital Wallet / QR
A11: 2026-06-23 00:16:00 | B11: Student | C11: Daily | D11: More than 20 mins | E11: Yes | F11: Food runs out | G11: 5 | H11: Digital Wallet / QR
A12: 2026-06-20 16:48:00 | B12: Student | C12: Daily | D12: Less than 5 mins | E12: No | F12: Long queues | G12: 1 | H12: Digital Wallet / QR
A13: 2026-06-23 14:36:00 | B13: Student | C13: 2-3 times a week | D13: 11-20 mins | E13: Yes | F13: Food runs out | G13: 5 | H13: Digital Wallet / QR
... A41: 2026-06-22 23:44:00 | B41: Faculty Staff | C41: 2-3 times a week | D41: 11-20 mins | E41: Yes | F41: Long queues | G41: 4 | H41: Credit/Debit Card

Sheet Dashboard Insights
B2: FoodFast MVP - Lab 03 Customer Discovery Analysis
B3: Target Audience Problem Validation Summary (N = 40)
B5: Total Responses Received | D5: Problem Multiplier (Meal Skippers %) | F5: Avg App Likelihood Score | H5: Target Student Ratio
B6: =COUNTA('Raw Responses'!B2:B41) -> 40 | D6: =COUNTIF('Raw Responses'!E2:E41, "Yes")/COUNTA('Raw Responses'!E2:E41) -> 0.6 | F6: =AVERAGE('Raw Responses'!G2:G41) -> 4.25 | H6: =COUNTIF('Raw Responses'!B2:B41, "Student")/COUNTA('Raw Responses'!B2:B41) -> 0.8
B9: Core Cafeteria Frustrations | F9: Wait Time Distribution
B10: Frustration Type | C10: Response Count | D10: Percentage | F10: Queue Duration | G10: Count | H10: Percentage
B11: Long queues | C11: =COUNTIF('Raw Responses'!F$2:F$41, "Long queues") -> 31 | D11: =C11/COUNT( 'Raw Responses'!G$2:G$41 ) -> 0.775 | F11: Less than 5 mins | G11: =COUNTIF('Raw Responses'!D$2:D$41, "Less than 5 mins") -> 5 | H11: =G11/COUNT( 'Raw Responses'!G$2:G$41 ) -> 0.125
B12: Food runs out | C12: =COUNTIF('Raw Responses'!F$2:F$41, "Food runs out") -> 6 | D12: =C12/COUNT( 'Raw Responses'!G$2:G$41 ) -> 0.15 | F12: 5-10 mins | G12: =COUNTIF('Raw Responses'!D$2:D$41, "5-10 mins") -> 5 | H12: =G12/COUNT( 'Raw Responses'!G$2:G$41 ) -> 0.125
B13: Cash-only vendors | C13: =COUNTIF('Raw Responses'!F$2:F$41, "Cash-only vendors") -> 3 | D13: =C13/COUNT( 'Raw Responses'!G$2:G$41 ) -> 0.075 | F13: 11-20 mins | G13: =COUNTIF('Raw Responses'!D$2:D$41, "11-20 mins") -> 21 | H13: =G13/COUNT( 'Raw Responses'!G$2:G$41 ) -> 0.525
B14: Manual ticket confusion | C14: =COUNTIF('Raw Responses'!F$2:F$41, "Manual ticket confusion") -> 0 | D14: =C14/COUNT( 'Raw Responses'!G$2:G$41 ) -> 0 | F14: More than 20 mins | G14: =COUNTIF('Raw Responses'!D$2:D$41, "More than 20 mins") -> 9 | H14: =G14/COUNT( 'Raw Responses'!G$2:G$41 ) -> 0.225
B15: Total | C15: =SUM(C11:C14) -> 40 | D15: =SUM(D11:D14) -> 1 | F15: Total | G15: =SUM(G11:G14) -> 40 | H15: =SUM(H11:H14) -> 1
